1 ,  This is already a song Fabuls song  I wanna watch this ğŸ˜‘ Let's go! Pick a date    !!!   Bollywood be Jamming!!! they fucked the punjabi song ğŸ˜¡  they did I hate this one  I love thisğŸ’•ğŸ¤  friendsd How many times this song getting remixed Canâ€™t beat the original    Why would you rip off and remake this song it was fine how it was 
2 ,  Isme koi talent nai he... Waste actress he Lakhtejigar  mo rod sa so complete nku. Nu kav check then disha mam you are so beautiful Super.. Super song Disha ur navel is mast Bhut bacar song hai   lol I have a feeling u might like this new song ğŸ˜‚âœŠğŸ½ So nice Goooooood mind blowing Nice songs What is a film name? Mam ma bhi aap jasi heroine banna chati hu Disha u r so cute Osm Super 
3 ,  Amazing Cool V. Good Jodi no1 Perfect click Mind blowing â¤â¤â¤â¤â¤ https://youtu.be/___LweW-KEg khus raho mundiyan â¤ï¸â¤ï¸â¤ï¸â¤ï¸â¤ï¸â¤ï¸â¤ï¸â¤ï¸ mn Osmmm Excellent looking dear cuty I love this song Very nice Wow super Fantastic, love you sooooooooooooooooooooo much dishu ğŸ˜ğŸ˜ğŸ˜ğŸ˜ğŸ˜ğŸ˜ğŸ˜ğŸ˜ğŸ˜ğŸ˜ğŸ˜ğŸ˜ğŸ˜ğŸ˜ğŸ˜ğŸ˜ğŸ˜ğŸ˜ğŸ˜ğŸ˜ğŸ˜ğŸ˜ğŸ˜ğŸ˜ğŸ˜ğŸ˜ğŸ˜ğŸ˜ğŸ˜ğŸ˜ğŸ˜ğŸ˜ğŸ˜ğŸ˜ğŸ˜ğŸ˜ğŸ˜ğŸ˜ğŸ˜ğŸ˜ğŸ˜ğŸ˜ğŸ˜ğŸ˜ğŸ˜ Hotie with Chusa ğŸ˜ğŸ˜ğŸ˜ â™¥â™¥ That's amazing Fantastic ğŸ‘ŒğŸ‘Œ Best jodi â¤ï¸ Best song 3rd class figure of Disha patani Wow Lol Love Excited for baaghi 2 but miss u  Koi to original track bna lo Luv u disha mam Nice couple The chemistry shown by u guys is ğŸ˜ğŸ’•  Bomb! Jhakkkkkkashhhhhhhhhh Superbbbbbbb I did not like it ğŸ˜ƒ Adity love this Hii dishaa Super I Fabulous nd fantastic song SuperbâœŒğŸ»ğŸ˜˜ Magnifique photo ğŸ˜ğŸ˜ğŸ˜ğŸ˜ğŸ˜ğŸ˜ğŸ˜ğŸ˜ğŸ˜˜ğŸ˜˜ğŸ˜˜ğŸ˜˜ğŸ˜˜ğŸ˜˜ Oooh Nice look baby Disha patani is just aafat ğŸ˜ Omg and osm nice pic Omg both my favorite ğŸ˜ğŸ˜˜  look at ur self first then comment here 3rd class hahaha mirror mirror on the wall tell him who is 3rd class is looking good Nice song ğŸ‘ŒğŸ‘Œ  I want to see you in something just like this, how hot would you be!  if only was this thin!ğŸ˜“ Superb jodiğŸ˜„â˜ºcutee Niss looking Beautiful 
4 ,  BeautifullllllğŸ’“ğŸ’“ğŸ˜œğŸ˜œğŸ˜œğŸ˜œğŸ˜œğŸ’“ğŸ’“ğŸ’“ğŸ’“ğŸ’‹ğŸ’‹ğŸ’‹ğŸ˜ğŸ˜ğŸ˜ğŸ˜ğŸ˜ğŸ’‹ğŸ’‹ğŸ’‹ğŸ’‹ğŸ’‹ğŸ’‹ğŸ˜†ğŸ˜˜ğŸ˜˜ğŸ˜˜ğŸ˜˜ğŸ˜˜ğŸ˜˜ğŸ˜˜ Veri veri nice Stunning nyc   she belongs to bolywood where shri was an icon so she should pay sme rspct ok dont give these moral lctures Best pic till date  "QUEEN"â˜†  hii  hii CUte Nice Wow beautiful ji ğŸ˜ Hottayy ekdum  Hii  who told paying respect is only through instagram??   ğŸ˜‚ğŸ˜‚ğŸ˜‚he is total dumb  agreed. Same to u bitch  ğŸ˜ğŸ˜ğŸ˜ğŸ˜ğŸ˜ğŸ˜ğŸ˜ğŸ˜ğŸ˜ğŸ˜ğŸ˜ğŸ˜ğŸ˜ğŸ˜—ğŸ˜šğŸ˜—ğŸ˜™ğŸ˜—ğŸ˜šğŸ˜— â¤ï¸â¤ï¸â¤ï¸ğŸ˜ğŸ˜ Madly in love with you Mind blowing ğŸ˜ğŸ˜ğŸ˜ğŸ˜˜ğŸ˜˜ğŸ˜˜ Wow ğŸ’¥ğŸ’¥ğŸ’¥â¤â¤â¤  just shut up like respect kr le thodi .......  bro thnd paa bitch nd all bolne ki zarurt nae respect se baat kr bcz   ur living in the world of thoughts, where fake prayers on social media is so called more respectful than praying from heart. Similarly, she too might have prayed for her soul to rest in peace, but according to u, it is so called selfish because she dint post her pic of sridevi.  btw, calling me bitch won't make me one, but shows ur mentality. Love u ğŸ’—ğŸ’—ğŸ’—ğŸ’—ğŸ’— ğŸ’—ğŸ’—ğŸ’—ğŸ’—ğŸ’—ğŸ’— Osm baby U r just loveğŸ’•ğŸ’•ğŸ’• I m most awaited for this movieğŸ˜ğŸ˜â¤â¤ğŸ’›ğŸ’›ğŸ˜˜ğŸ˜˜ It will be lit Best wishes for your movie successğŸ’›ğŸ˜˜â¤ğŸ˜ N this is your bestest picğŸ˜˜ğŸ˜˜â¤â¤ğŸ˜ğŸ˜ğŸ’›ğŸ’›ğŸ˜˜ğŸ˜˜â¤â¤ğŸ˜ğŸ˜ğŸ’›ğŸ’›ğŸ˜˜â¤ğŸ˜ğŸ˜˜ğŸ’›â¤ğŸ˜â¤ğŸ˜˜ğŸ’›ğŸ˜â¤ğŸ’›ğŸ’›ğŸ˜ğŸ˜ğŸ˜˜ğŸ’›â¤â¤ğŸ’›ğŸ’› You are 1st  barbai doll in india So nice You are the most beautiful,pretiest,cutest girl in this universe...you r soo cute...best pic.. ğŸ˜ğŸ˜ğŸ˜ğŸ˜ğŸ˜ğŸ˜ğŸ˜ğŸ˜ sooooo cuteeeee Nice Beautiful  tu hai kon be Most beautiful Follow top model fitness girl ğŸ˜ğŸ˜ğŸ˜ğŸ˜ğŸ˜˜ğŸ˜˜ğŸ˜˜ğŸ‘°ğŸ‘°ğŸ‘°  Ke jooon Greatest acter forever Lovely pick ğŸ’ğŸ’ğŸ’ Hey Insta just put more like buttons on  Hey ğŸ‘ŒğŸ»ğŸ˜ Khoubsurti ka Naya Sitara Nice Osm 
5 ,  nice Super Best wishes ğŸ‘ğŸ‘ğŸ‘ My best movie... Super hit looks... Naga Maza aayega dekhne main very exited for 30 march.......ğŸ˜‹ğŸ˜‹ğŸ˜‹ğŸ˜‹ ğŸ‘ğŸ‘ğŸ‘ğŸ‘ğŸ‘ğŸ‘ Osm Super hit if you want to buy followers likes subcriber on insta fb youtube musical.ly twitter telegram...contact us Awesome Rada Love you  Congo  If you like baaghi 2 trailer then watch this ğŸ‘‰ğŸ» https://m.youtube.com/watch?v=SlYOntpZJ1Q Sequel ğŸ¤£ğŸ¤£ğŸ¤§ Waiting for movie Waiting I'm waiting Nice trailer ğŸ‘ŒğŸ‘ŒğŸ‘ŒğŸ‘ŒğŸ‘ŒğŸ‘ŒğŸ‘ğŸ‘ğŸ‘ğŸ‘ğŸ‘ğŸ‘ğŸ˜‡ğŸ˜‡ğŸ˜‡ Maza nahi aya trailer ne  If you are a fan of MARVEL and DC you will really like my page so do check out and follow my page Nce trailer Nepail chal Gaya India Mai ğŸ˜‚ğŸ˜‚ğŸ˜‚ğŸ˜‚ğŸ˜‚ğŸ˜‚ğŸ˜‚ğŸ˜‚ğŸ˜‚ğŸ˜‚ğŸ˜‚ End less ğŸ’–ğŸ˜˜ğŸ˜ğŸ’•ğŸ’ğŸ’–ğŸ’ğŸ’ğŸ˜˜ğŸ’•ğŸ˜˜ğŸ’–ğŸ’•ğŸ’–ğŸ’ğŸ˜˜ğŸ’•ğŸ˜˜ğŸ˜ğŸ’–ğŸ˜ğŸ’•ğŸ’–ğŸ˜˜ğŸ’•ğŸ˜ğŸ’–ğŸ’•ğŸ’–ğŸ’•ğŸ’–ğŸ’•ğŸ˜˜ğŸ’•ğŸ’–ğŸ’ğŸ˜˜ğŸ’•ğŸ’•ğŸ’–ğŸ˜ğŸ˜ğŸ˜˜ğŸ’ğŸ˜ğŸ’–ğŸ˜˜ğŸ˜ğŸ˜˜ğŸ’–ğŸ’•ğŸ˜˜ğŸ’•ğŸ˜˜ğŸ’–ğŸ˜ğŸ’•ğŸ˜˜ğŸ˜˜ğŸ’•ğŸ’–ğŸ˜ğŸ˜˜ğŸ’–ğŸ˜ğŸ’–ğŸ˜˜ğŸ’–ğŸ˜ğŸ˜˜ğŸ˜ğŸ’–ğŸ’•ğŸ˜˜ğŸ˜ğŸ’–ğŸ˜ğŸ˜˜ğŸ˜ğŸ’–ğŸ˜ğŸ’–ğŸ˜ğŸ˜˜ğŸ˜˜ğŸ˜ğŸ’–ğŸ˜ğŸ˜˜ğŸ˜ğŸ’–ğŸ˜ğŸ’–ğŸ˜ğŸ˜˜ğŸ’–ğŸ’•ğŸ˜˜ğŸ˜ğŸ’–ğŸ’•ğŸ’–ğŸ˜˜ğŸ˜˜ğŸ’•ğŸ’–ğŸ’–ğŸ˜˜ğŸ’•ğŸ’–ğŸ˜˜ğŸ’•ğŸ’–ğŸ’•ğŸ’– Super hit Paid view is common in marking of movies Wow ğŸ‘ğŸ‘ğŸ‘ğŸ‘ğŸ‘ğŸ‘ğŸ‘ Good luck ğŸ’œ Rejuvenate your wardrobe by following us! ShoesğŸ‘Ÿ, bagsğŸ‘œ, watchesâŒš and sunglassesğŸ•¶ï¸ at affordable price. Gud luck Waiting for the movie Superb Rocking movieğŸ˜ğŸ˜ Nice Hi Good â¤â¤â¤â¤â¤â¤â¤â¤ ğŸ‘Œ Awesome â¤ï¸ isse kharab trailor abhi tak nhi dekha ğŸ˜ğŸ˜ Sry love marvel avengers is coming goota save my money for it.. next time ğŸ‘ Now Rajinis  61hours 28mintesand 34.3second Fantastic Mera warmup hai  So tu thank u bol Bhai ko I am a person.who watch selected  movies in theatre..like.. bahabuli, Newton, Padmavat or next in my list.. Baghi2.. Osm No.1trending is  hats off to tiger man he's done so much hardwork in action scenes it is unimaginable pain seee baaghi 1 bloopers on utube its hard ..... Wooooooooow ossssssm stant hii Wow ğŸ˜ğŸ˜ğŸ˜ Kaala has taken over you Wasr 
6 ,   y Nice.... Hi ğŸ˜ Nice Khati Super Bhai BhaiğŸ‘ŒğŸ‘ TiIGERg n LIONESS Nice Superb Super hittt https://fspot.wooplr.com/s/K89KMBQ83?ref=cp.p.i.f girls check it out for your look. I wanted to be a part of these 200 baaghis unluckly i cudnt coz i m a die harted fan of tiger shroff and disha patani ğŸ‘Œ Super hitttğŸ™ŒğŸ» I am the baghi Kk Aa  
7 ,  Amazing Awesome Awesome  hao ğŸ˜‚ğŸ˜‚ğŸ˜‚ğŸ˜‚ Wowâ˜ºâ˜ºâ˜ºâ˜º Abhi toh bhai ne sirf start kiya h..ğŸ‘ğŸ‘ superb....  BC ye sahi bol rahe hai, tujhe Kaise pata Chala ?? Waiting Dynamic warm up....ğŸ‘ğŸ‘ŒğŸ‘Œ Please raise your voice for  Fake fake totally fake, I am watching the tralier now on 26/02/2018 at 10.27 pm and it has only 34M views which has after 5 days. Seriously man only promotion Looks a powerful film Nice .. Coool warm up....!!! Very much excited! Wonderful Tiger ki wajah se Ezz Very much excitedğŸ˜˜ğŸ˜˜ğŸ˜˜ğŸ˜˜ wohooooğŸ˜€ğŸ˜ğŸ˜ If you like baaghi 2 trailer then watch this ğŸ‘‰ğŸ» https://m.youtube.com/watch?v=SlYOntpZJ1Q Q Fantastic trailer Your acting sucks https://youtu.be/2X1i20nN-_I Superflop ğŸ˜‚ğŸ˜‚ğŸ˜‚ 60M joined the Rebellion seriously! Itna rebellion se toh Sara system Badal jaaegağŸ˜‚ğŸ˜‚ğŸ˜‚ Are chutiye  ğŸ‘ğŸ‘ğŸ‘ğŸ‘ğŸ‘ Flop movies ke hadhe paar karegi yeh movieğŸ˜‚ğŸ˜ AÂ whole new collection of tops that have been designed from fabrics with a little bit of Indian touch in them while being set in gorgeous designer patterns. Osmm trailer Tiger jinda h copy..ğŸ˜‚ğŸ˜‚ğŸ˜‚ğŸ˜‚ğŸ˜‚ Ausome ausome love u disha ,mera bhi Killing trailer  bro..I think you cannot see properly...The post said across all formats...That means...Facebook,hottar and YouTube  how u can say that they all are different on all platforms, maybe same guys are on fb, Twitter, YouTube etc  it is written bro..Across all formats  but if same person is on fb, YouTube and Twitter will u count it equal to 3 Muth maarna hai kya ğŸ˜‚ Outstanding one! Awesome-trailerğŸ‘ğŸ‘ğŸ‘ Remake Of Telugu Movie  Hii  harvey ka dialog marlia sale ne  same here  ma'am plz follow   hey It isn't so good.... And that's a remake of Telugu movie Awesome real tiger  is back suppe Itni jaldi kya hai tiger ne abhi start Kiya hai Osm So ?Will he turn into ultra instinct goku ha ha lol Kadakkkkkkkk ğŸ˜˜ ğŸ˜˜ 
8 ,  Beautiful pic Mast Mast look nice pic mem So pretty PRETTY GORGEOUS ğŸ’—ğŸ’–ğŸ’“ğŸ’ğŸ’•â¤ğŸ’“ğŸ’ŸğŸ’ğŸ˜ğŸ˜˜ Will you marry me ğŸ˜‚ Will u hug me nd kiss Your hair looks amazing Pretty cool Your so hot Hii disha love you ğŸ˜ Not too good stunning  Look ğŸ˜ğŸ˜ğŸ˜ Ø§Ø¹ Swt Vary nice  h Hot sexiest ever... U will also take my seamen Nice Ho Hoot Hot AyeeğŸ”¥   tumko ky krna h So pretty Hotty.....love u.. ğŸ˜â¤ ğŸ’‹ â¤ ğŸ’‹ â¤ ğŸ’‹ â¤ ğŸ’‹ â¤ ğŸ’‹ â¤ ğŸ’‹ â¤ ğŸ’‹ â¤ ğŸ’‹ â¤ğŸ‘°  oh fuck ğŸ˜‚ğŸ¤£ mindblowing look like always love   yeh kya tha bcğŸ˜±ğŸ˜±ğŸ˜±ğŸ˜±  pyaar tha ğŸ˜¶ Aap bahut sexy hoo ğŸ˜ğŸ˜ğŸ˜ğŸ˜ğŸ˜˜ğŸ˜˜ğŸ˜˜ğŸ˜˜ğŸ˜˜ Nice Wow Wow One thing missing... Your million dollar smile hii crazy look Fab stylish woman....nice... Amazing â¤â¤â¤ğŸ¯ Amazed disha maam im ur grt fanğŸ˜‡ğŸ˜‡ Amazing mam follow me guys..i do cover music..will start asap Those curls ğŸ˜ Looking gorgeous Hoti Want to give you more love come on my bad ğŸ’¦ğŸ’¦ğŸ’¦ 
9 ,  Suparp baaghi 2 movie trailer Hpt Nice beautiful  Let's go! ğŸ˜ WaitğŸ˜ ğŸ—‘ï¸ğŸš® Tiger ğŸ… eat those legs ğŸ˜‚ğŸ¤” AREY PATANI..KUCH AUR DIKHAAANI.....KYUKI...*** JO TERA HOTTEST SEX SHOW HAI..WO MERA WARM UP HAI**** LOLZZZZZZZZZZZZZZZZZZZZZZ...  ğŸ˜€ğŸ˜€ğŸ˜€ so excited about it nice Hot ass Very nice trailer your film.ğŸ˜‡ğŸ˜‡ğŸ˜‡ğŸ˜‡ğŸ‘ŒğŸ‘ŒğŸ‘ŒğŸ‘ŒğŸ‘ğŸ‘ğŸ‘ğŸ‘ the boob is a killer Ho waiting... Nice trailer  ğŸ˜ŒğŸ˜Œ Wow Eagerly waiting â¤ Suprnn New account AÂ whole new collection of tops that have been designed from fabrics with a little bit of Indian touch in them while being set in gorgeous designer patterns. mere tigerğŸ˜ğŸ’˜ ğŸ‘ŒğŸ‘Œ Flop  really? Perfect couple no 1 Gazab This movie has got some serious action! ğŸ”¥ Perfect couple Very juicy thigh, feeling lustful! â¤â¤â¤ FAAAACK  FACKFACKFACKFACKFACKFACK   tatti awsm Nc Waiting ğŸ”¥ So hot Wow ma'mğŸ‘ŒğŸ‘ŒğŸ‘ŒğŸ‘ŒğŸ‘Œ Nicc! Love that Hahaha Sali heramzadi tereh maa ko bula be kirrrrrrrrrrrrak Awesome Disha pataniğŸ’•ğŸ’•ğŸ’•ğŸ’• Ohhh bc  yeep ğŸŒ¸ I like your movie Nice I like your movie Superb ğŸ˜˜ğŸ˜˜ğŸ˜˜ğŸ˜˜ğŸ˜˜ğŸ˜˜ğŸ˜˜ğŸ˜˜ğŸ˜˜ğŸ˜˜ğŸ˜˜ğŸ˜˜ğŸ˜˜ğŸ˜˜ğŸ˜˜ğŸ˜˜ğŸ˜˜ğŸ˜˜ğŸ˜˜ğŸ˜˜ğŸ˜˜ğŸ˜˜ğŸ˜˜ğŸ˜˜ğŸ˜˜ğŸ˜˜ğŸ˜˜ shrdha looked better Sexy and bumpy hips pura body dikha deti tasty hot spucy best of luck mam,  for baaghi 2. your film will be hit. 
10 ,   baass beee bass.....bhut kc krliya....kuch bhi matlab hainağŸ˜‚ğŸ˜‚ chutiya maths ke pehle mera computer hai aaj....tum jaa kar mathsğŸ˜ğŸ˜ I like the other helicopter poster better O.O â¤ï¸â¤ï¸love the trailer bad trailer....not interested Wonderful Itâ€™s shit donâ€™t u guys have ur own stories BHAAGI 1 is a TELUGU film remake named VARSHAM..! PRABHAS as hero and BHAAGI 2 is even a remake of TELUGU FILM named as KSHANAM. ADAVI SESH as hero ğŸ‘‰ğŸ‘ğŸ‘ğŸ‘ğŸ‘ğŸ‘ğŸ‘ğŸ‘ğŸ‘ğŸ‘ğŸ‘ğŸ‘ğŸ‘ğŸ‘ğŸ‘ğŸ‘ğŸ‘ğŸ‘ğŸ‘ğŸ‘ğŸ‘ğŸ‘ğŸ‘ğŸ‘ğŸ‘ğŸ‘ğŸ‘ğŸ‘ğŸ‘ğŸ‘ğŸ‘ğŸ‘ğŸ‘ğŸ‘ğŸ‘ğŸ‘ğŸ‘ğŸ‘ğŸ‘ğŸ‘ğŸ‘ğŸ‘ğŸ‘ğŸ‘ğŸ‘  Itâ€™s shit donâ€™t u guys have ur own stories BHAAGI 1 is a TELUGU film remake named VARSHAM..! PRABHAS as hero and BHAAGI 2 is even a remake of TELUGU FILM named as KSHANAM. ADAVI SESH as hero ğŸ‘‰ğŸ‘ğŸ‘ğŸ‘ğŸ‘ğŸ‘ğŸ‘ğŸ‘ğŸ‘ğŸ‘ğŸ‘ğŸ‘ğŸ‘ğŸ‘ğŸ‘ğŸ‘ğŸ‘ğŸ‘ğŸ‘ğŸ‘ğŸ‘ğŸ‘ğŸ‘ğŸ‘ğŸ‘ğŸ‘ğŸ‘ğŸ‘ğŸ‘ğŸ‘ğŸ‘ğŸ‘ğŸ‘ğŸ‘ğŸ‘ğŸ‘ğŸ‘ğŸ‘ğŸ‘ğŸ‘ğŸ‘ğŸ‘ğŸ‘ğŸ‘ğŸ‘  ğŸ’• Hate it...not so interesting.... Best luckkk bady wala bestttt wishess hittt nbr My bestiiii my favrt Follow are page  â¤â¤â¤ ğŸ‘ Super ğŸ’“ğŸ’“ Dishuuuuu Sexy trailer Love you dishuuuuu Sexy looks both Cool move Nyc Superb trailer â¤â¤â¤ nice i like Nice sir â™¥â™¥â™¥ â™¥â™¥â™¥ checkkk my latest pencil art guys...Do..Like..Share....RespectğŸ‘ Shopping lover follow me. Selling COMING SOON....â™¥ï¸  Psy being human ğŸ˜˜ğŸ˜ğŸ˜‡âœŒğŸ™ ğŸ˜­ğŸ˜­ğŸ˜­ Khatarnak ğŸ‘„ğŸ’‹ğŸ’˜â¤ï¸ğŸ’“ğŸ’—ğŸ’”ğŸ’–ğŸ’•ğŸ’™â¤ï¸ğŸ’˜ğŸ‘…ğŸ’‹ğŸ‘„ğŸ’—ğŸ’•ğŸ’–ğŸ’”ğŸ’—ğŸ’”ğŸ’—ğŸ’•ğŸ’—ğŸ’•ğŸ’—ğŸ’‹ğŸ‘…ğŸ’—ğŸ’—ğŸ‘…ğŸ’›ğŸ–¤ğŸ’œğŸ’ğŸ’ğŸ’œğŸ’ğŸ’œğŸ’ŸğŸ’ŸğŸ’šğŸ’ğŸ’›ğŸ’ğŸ’ğŸ’œğŸ’ğŸ’ğŸ’›ğŸ’â£ï¸ğŸ’ğŸ’šğŸ’ğŸ’ğŸ’œğŸ’ğŸ’œğŸ’ğŸ’ğŸ’œğŸ’ğŸ’œğŸ’ğŸ’ğŸ’› Superb it was amazing Follow me Nice Kirak boss  your favvv NYC ğŸ’œğŸ’œğŸ’œğŸ’œğŸ’œ Nyc Coll Fantastic Super Beauty!   ye to sth hi dekhenge Eagerly waiting â¤ ğŸ˜ ğŸ˜ğŸ˜ğŸ˜ğŸ˜ğŸ˜ğŸ˜ğŸ˜˜ğŸ˜˜ ğŸ‘ğŸ‘ ğŸ‘ğŸ‘ Nice Ğ¼Ğ¸Ñ€Ğ±ĞµĞº The trailer is superbly good......best of luck ........May this film earn more than 200 crore........ Waiting ğŸ”¥ Ú©ÙˆØ³ Ú©ÙˆÙ† 
11 ,  ğŸ˜ğŸ˜˜ Woww suprb   dekho dekhoğŸ˜ğŸ˜  sota bcğŸ˜­ sookhi mein no masti  But I like itğŸ˜‹ Nice Lage raho Toooooo nice Nice photo Kant Pretty CoupleğŸ’ğŸ‘ğŸ˜˜ğŸ˜˜  not at all ğŸ˜’ğŸ˜’ğŸ˜’ Loved ittğŸ”¥ğŸ”¥ğŸ”¥ğŸ”¥ğŸ”¥ğŸ”¥ğŸ”¥ğŸ”¥ğŸ”¥ ğŸ‘ğŸ‘ŒğŸ’ªğŸ’ªğŸ˜ŠğŸ˜Š a1  I love you so much dishu ğŸ’‹â¤ï¸â¤ï¸ğŸ’‹god bless you tumhari jodi hamesha aesahi khush rahe aur aap ki pictures bht bht bht heat jayeğŸ’‹ love you dishu ğŸ’‹memâ¤ï¸â¤ï¸ Nice Nice jodi U both made for each other Cute pair So much luv for ur hubby  ğŸ¤£  yahich comment kro khali tm So beautiful jodi..ğŸ˜ğŸ˜ğŸ˜ğŸ˜  yeah Not so good.. No Haii Jodi mast h Cuteeeee nice Bc palangtod Awesome couples Osm amazingğŸ˜˜ğŸ‘ğŸ‘ğŸ‘ ğŸ˜ğŸ˜ i lovr both ğŸ‘”ğŸ§¥ğŸ‘–ğŸ‘•ğŸ‘”ğŸ§¥ğŸ‘–ğŸ‘• ( *Jo B Mera Bhai Jo Abhi B Free Hei Work ( Job ) Dhoond Raha Hei So* *Agr Usko Sach mei  Work (Job) ki jarrorat hei* .... ) Nice Best couple  they make a gorgeous pair! Ain't they?ğŸ˜ğŸ¤£  when did I say no??? ğŸ”¥ğŸ”¥ğŸ”¥ğŸ”¥ğŸ”¥ğŸ”¥  ğŸ¤£ğŸ¤£ğŸ¤¦â€â™€ï¸ Best coupleğŸ’‘ğŸ˜˜ğŸ˜ Bestest couple...dono sath me bht ache lgte ho Cute couple I Love you so much Good looking  both ğŸ‘Œ u know ....u looks me preety than any actresses of bollywood....bcz  u r a simple buddy and it inspires me. .and I'm so excited to watch your movie Super Osm pic Bhai behen mast lg rheğŸ’•ğŸ’• Nice ğŸ‘ŒğŸ‘ŒğŸ‘Œ ğŸ‘ŒğŸ‘ŒğŸ‘ŒğŸ’•ğŸ’•ğŸ’–ğŸ’ pic 
12 ,  Wowsame guys Nyc ğŸ˜ğŸ˜ğŸ˜ğŸ˜ğŸ˜ğŸ˜ğŸ˜ğŸ˜ğŸ˜ğŸ˜ğŸ˜ğŸ˜ğŸ˜ğŸ˜ğŸ‘ğŸ‘ğŸ‘ğŸ‘ğŸ‘ğŸ‘ğŸ‘ğŸ‘ğŸ‘ğŸ‘ğŸ‘ğŸ‘ğŸ‘ğŸ‘ğŸ‘ğŸ‘ğŸ‘ğŸ‘ğŸ‘ğŸ™…ğŸ™…ğŸ™…ğŸ™…ğŸ™…ğŸ™…ğŸ™…ğŸ™…ğŸ˜ğŸ˜ğŸ˜ğŸ˜ğŸ˜ğŸ˜ğŸ‘ğŸ‘ğŸ‘ğŸ‘ğŸ‘ğŸ‘ Hii How are you,? GjbğŸ˜ğŸ˜ğŸ˜ğŸ˜ V v v very for you Hot b Nice DillagiğŸ˜ Super Very very very nice and my best hero and heroine tiger and Disha Superb look tiger sar disha mam You are best couple in  the world  its say my heart ... and worlds most lovable girl  dishaaaa..... Tiger sir alwz ... my guru .. and alwz respect you..  his voice**  Oye..u already posted this before...ğŸ˜‹ğŸ˜‹ğŸ˜‹  but doesn't he look like me ğŸ˜‹ğŸ˜‹  yes he does ğŸ˜ŠğŸ˜„ tiger and disha superb and nice 
13 ,  
14 ,  Follow for bestğŸ‘Œquotes. Iwas waiting for this movie so farr , 5star Wos https://youtu.be/nm9MbUdHIkI Sunny leone special  https://youtu.be/nm9MbUdHIkI Exciting To watch Di tunggu ya fim We loved the trailer nd can't wait for movie Nice This film mast...be xo xo amazing... Itna faltu action kaise kr lete ho..ğŸ™‡ğŸ™‡ hadd hai...,ğŸ˜¹  no doubt.. wese Randeep Hooda b h â¤ hye can you tell me which link i use for all new hindi movies Apni kundali dikaho do filme ki hai dono main tume mar dete hai... raho ketu ka dosh hoga pakka Osm ğŸ™‹ğŸ™‹ Waiting for thz  haa mtlb iski chhod k sabki achi hogi ğŸ˜‚ Interesting â¤ï¸â¤ï¸â¤ï¸ Waiting for the movies as trailer has impressed me lot and waiting for seeing baghi revenge.......BEST WISHES FOR BAAGHI - 2@@@@ Shubham Singh..ğŸ˜ŠğŸ˜Š App ise  look  me  bohot cool  lagraha ho Very nice... ğŸ˜˜ğŸ˜˜ Nice Such a horrible trailer.Ruined the original one ğŸ‘ ğŸ‘ŒğŸ‘ŒğŸ‘ŒğŸ‘ŒğŸ‘Œ @ roshansingh6895 Can't wait..!! Abe koi isse kho piche se helicopter aa rha hai hat jay Bangi 2 Follow  Osm ğŸ’–ğŸ’–ğŸ˜ğŸ˜ğŸ˜˜ ØªÙˆ Ø¹Ø´Ù‚Ù‡ Ù…Ù†ÛŒ ØªØ§ÛŒÚ¯Ø± Ø¬Ø§Ù† Another flop movie Waiting for movie Cool appas I am waiting for movieee Ye movie se accha me 2kg shengdane leke aauga Nice Wow Tiger is roaring in baagi 2 RebelğŸ˜˜ Editing of taken tag Bryan Nice pic Same looks 'like bryan fury Very nice body Ø¯Ù…Øª Ú¯Ø±Ù… Ø®ÛŒÙ„ÛŒ Ù…ÛŒ Ø®Ø§Ù…Øª Ø¯Ù…Øª Ú¯Ø±Ù…   en per la part 2 ğŸ˜‚ğŸ˜‚ğŸ˜‚ğŸ˜‚ part 1 eh mudilaa. Idhula 2 vera Nice Superb https://www.instagram.com/p/BgYV40egrQM/ 
15 ,  Cool Ummmmaaa ğŸ˜˜ğŸ˜˜ğŸ˜˜ i love you.. Cool Nice pic Plz plz plz aap army join kr lo..aap  ko dekh kr dushman ghayal ho jayenge... Hot and sexy... Sexy ğŸ˜â¤ ğŸ’‹ â¤ ğŸ’‹ â¤ ğŸ’‹ â¤ ğŸ’‹ â¤ ğŸ’‹ â¤ ğŸ’‹ â¤ ğŸ’‹ â¤ ğŸ’‹ â¤ ğŸ’‹ â¤ğŸ‘° After board goals   ğŸ¤‘ğŸ¤‘ğŸ¤‘oh yeah. Disha can you give meee your fitness secret plzz give meee some fitness suggestion apko dekh krr bohat inspirtion milti hai  nd ma bohat excited hu baghi 2 ka liye Nice pic I ğŸ’˜u yar disha Love you disha ğŸ˜ğŸ˜ğŸ˜ğŸ˜ğŸ˜ğŸ˜ğŸ˜ğŸ˜ğŸ˜ğŸ˜ğŸ˜ğŸ˜˜ğŸ˜˜ğŸ˜˜ğŸ˜˜ğŸ˜˜ğŸ˜˜ğŸ˜˜ğŸ˜˜ğŸ˜˜ğŸ˜˜ğŸ˜˜ nice looking ğŸ‘ŒğŸ‘Œ hot , â¤ï¸â¤ï¸ You are ğŸ˜Š looking so ğŸ˜šğŸ‘‘ğŸ˜ğŸ’–â¤ pretty I love it ğŸ˜Š ğŸ”¥ğŸ”¥ğŸ”¥ğŸ”¥  mind h to plz usska use kro or soch kr comments kyakro 1 number  tujhse poocha kisi ne !? Kya ğŸ”¥ğŸ”¥ğŸ”¥ğŸ”¥ğŸ”¥ğŸ”¥ğŸ”¥ğŸ”¥ğŸ”¥ğŸ”¥ğŸ”¥hot Sexy look Hot  blowing  plz follow  So very very beautiful Lv u mam Awesome look hi pretty.......... Sexyy you Bhadiyan hai  meri hot bhabhi ko kab la raha hai Keshav ğŸ˜‚ğŸ˜‚  kya bigada maine aapka ğŸ˜…  haha kuch nahi pyaaru Keshu ğŸ˜‚ Six pack  ğŸ¤¦â€â™‚ï¸ğŸ˜‚ğŸ˜‚ğŸ» A1 pic  edhuku indha commentu loosu ğŸ˜‚ @ğŸ˜˜ğŸ˜˜ğŸ˜˜ğŸ˜˜ğŸ˜˜ğŸ˜˜ ğŸ‹ï¸â€â™€ï¸ luv u Lovely Cute be I love you Ø¬ÙˆÙˆÙˆÙ† Ø­Ø±Ù Ù†Ø¯Ø§Ø±ÛŒ So cute Hotie Hotwa Hotwa Euuuuuuu Suprbbb SexY &amp; HOT GirL Cool FabulousğŸ’ğŸ’â£ï¸ğŸ’ğŸ’•ğŸ’˜ğŸ‘ŒğŸ˜ğŸ˜˜ 
16 ,  Lovely Beauty.....ğŸ˜˜ğŸ˜˜ Are you a actress in bollywood Lovely Beautifulâ¤ Looking lovely in Blue  ğŸ˜‚ğŸ˜‚ğŸ˜‚ğŸ˜‚ğŸ˜‚ğŸ˜‚ğŸ˜‚ğŸ˜‚ valentines day ğŸ˜‚ğŸ˜‚ğŸ˜‚ğŸ˜‚ğŸ˜‚ğŸ˜‚abar  ohgod The best thing about you is your smile Superb picture mem aapka jbaab nhi  Cute girlsğŸ˜ğŸ˜ğŸ˜ğŸ˜ğŸ˜ i love disha..â¤ Fresh So hot yrrr so sweer Kadakkkkkkkk ğŸ˜˜ ğŸ˜˜ ğŸ˜˜ ğŸ˜˜ ğŸ˜˜ ğŸ˜˜ ğŸ˜˜ ğŸ˜˜ ğŸ˜˜ ğŸ˜˜ ğŸ˜˜  escuse me who r u?? ğŸ’•ğŸ’•ğŸ’•ğŸ’•ğŸ’•ğŸ’•ğŸ˜˜ğŸ˜˜ğŸ˜˜ğŸ˜˜ğŸ˜˜ 
17 ,  Like my flowers  Nyc Very nice madam love u mam.... u r just great i am going to fuck u babe Goddess love your style ğŸ˜ğŸ’œ do you love our diamonds I love u Awesome, love you sooooooooooooooooooooo much dishu ğŸ˜ğŸ˜ğŸ˜ğŸ˜ğŸ˜ğŸ˜ğŸ˜ğŸ˜ğŸ˜ğŸ˜ğŸ˜ğŸ˜ğŸ˜ğŸ˜ğŸ˜ğŸ˜ğŸ˜ğŸ˜ğŸ˜ğŸ˜ğŸ˜ğŸ˜ğŸ˜ğŸ˜ğŸ˜ğŸ˜ğŸ˜ğŸ˜ğŸ˜ğŸ˜ğŸ˜ğŸ˜ğŸ˜ğŸ˜ğŸ˜ğŸ˜ğŸ˜ğŸ˜ğŸ˜ğŸ˜ğŸ˜ğŸ˜ğŸ˜ğŸ˜ğŸ˜ğŸ˜ğŸ˜ğŸ˜ğŸ˜ğŸ˜ğŸ˜ğŸ˜ğŸ˜ğŸ˜ğŸ˜ Looking adorable..ğŸ˜ğŸ˜ğŸ˜  may the force be with you wow Unique I just imagined giraffe:p Niec looking Super excited to Beautiful madam Awesome Wow NC Big fan you Big fan you I love â¤ you disha ğŸ˜â¤ ğŸ’‹ â¤ ğŸ’‹ â¤ ğŸ’‹ â¤ ğŸ’‹ â¤ ğŸ’‹ â¤ ğŸ’‹ â¤ ğŸ’‹ â¤ ğŸ’‹ â¤ ğŸ’‹ â¤ğŸ‘° Lovely âœŒâœŒâœŒ I want to fuck in ur ass Sooo beautiful Nice Nice ğŸ˜˜ğŸ˜˜ğŸ˜˜ğŸ˜˜ğŸ˜˜ Looking nice Give your number Very seductive Lovely Sexy hip ğŸ˜˜ğŸ˜ Cool Osm Ready to get fucked ? awesome pic Disha chatni â¤ Wait my whare are my ğŸ˜‰ If you love traveling and want to see amazing pictures ğŸ˜Š Follow usâ¤ï¸âœŒï¸â˜ºï¸ INZEA CAPTURES ğŸ˜Š Hot Beautiful Are waiting? Owsommm Cute look Disha Awesome look ğŸ˜ğŸ˜ğŸ˜˜ğŸ˜˜ Attt Wow  you  look so beautiful Pta h aapki photo jab view karta hu to mera phone v hang hone lagta h to socha h hamare dil ka kya haal hoga é”• Very beautiful ğŸ˜ğŸ˜ğŸ˜ğŸ˜ğŸ˜ğŸ˜ğŸ˜˜ğŸ˜˜ğŸ˜˜ğŸ˜˜ğŸ˜˜ğŸ˜˜ğŸ˜˜ğŸ˜˜ ğŸ˜ğŸ˜ğŸ˜ğŸ˜ğŸ˜ 
18 ,  Osm....... i love u disha Lovely Lvvv u and f.... U Full body hot Soooo cute hotness overload Hot Nice Superb Sizzling outfit â¤ Outstanding Wow very beautiful looking Mind blowing ğŸ’“ğŸ’“ğŸ˜˜ Wow Wow ğŸ˜ğŸ˜ğŸ˜ Nice ğŸ˜ğŸ˜ğŸ˜ Cool Hot I do not know who is your make up artist is, but he or she would be amazing, loved his work. U look gerogous Nive Ã˜.M.G Wow Killer I STAN I STAN Mind blowing patani disha ğŸ˜ƒ Supper S xy..... ğŸ˜ğŸ˜ğŸ˜ğŸ˜ Lovely Disha u r so lovely ğŸ˜„ğŸ˜˜ Woo lovely Hi sexi mast Hi sexi mast  ye tagdaa thağŸ˜‚ğŸ˜‚ğŸ˜‚ğŸ˜‚ğŸ˜‚  hahahahağŸ˜‚ğŸ˜‚ğŸ˜‚ Mind blowing ğŸ”¥ğŸ”¥ğŸ”¥ğŸ”¥ğŸ”¥ğŸ”¥ğŸ”¥ğŸ”¥ğŸ˜˜ğŸ˜˜ğŸ˜˜ Wow juste magnifique machallah ğŸ˜ğŸ˜ğŸ˜ğŸ˜ğŸ˜ğŸ˜ğŸ˜˜ğŸ˜˜ğŸ˜˜ğŸ˜˜ Awesome Perfecta!!! So looking very beautiful beautiful looking Gorgeous attire  kaafi sundar na?ğŸ˜‚  bahot ğŸ˜‚ğŸ» Wow ğŸ˜˜ğŸ˜˜ğŸ˜˜ğŸ˜˜ Wow so cute You are the gorgeous person I have ever seen.. verry niss dress Sexy cute pussyyy live u disha my baby Hot Nice Beautiful  â¤â¤â¤  â¤â¤â¤   miss you ,kaise ho aap ,boliye na 
19 ,  ğŸ˜ğŸ˜ Super duper Superb Super Flop ğŸ’“ğŸ’“ I am hero(baaghi) in my real life..... I love this..... ğŸ˜˜ğŸ˜ğŸ˜ğŸ˜˜ What a trailer mamm Gs luck movie lagalo Super Osm Wow  â¤ğŸ˜œ... no words ğŸ‘ŒğŸ‘ŒğŸ‘ŒğŸ‘ŒğŸ‘Œ Waiting for your upcoming movie Dishaaa muth maring I love Tigers hardwork makes baaghi Tigers hardwork aggresion and accuracy makes baaghi 2 Follow 
20 ,  Mee aaaun Wahhhhhhh ğŸ˜» â€Southern voice is worth following ğŸ¶ â¦  â€Star sings with a great voice ğŸ˜ªâ†’  â€Star sings with a great voice ğŸ˜ªâ†’  â€His quiet voice ğŸƒ  â€Southern voice is worth following ğŸ¶ â¦  â€Southern voice is worth following ğŸ¶ â¦  â€Southern voice is worth following ğŸ¶ â¦  â€Southern voice is worth following ğŸ¶ â¦  â€Southern voice is worth following ğŸ¶ â¦  For fans of beautiful voices very beautiful voice ğŸ¼  For fans of beautiful voices very beautiful voice ğŸ¼  His beautiful voice followed him ğŸ¶ï¸ï¸  Can I get him/her? Nice Nice kitty Very nice pic Gt Nice So cute  hi punk i feel bad about you the direction the path ...what you going......what a waste...just living a life...the way parent taught it...when its a common sense parent can be wrong or can be right...so its ur duty to search the right path with evidence with proof...  i searched about ur bio...in googled but i cant find it...where it shows ur bio about what religion you followed...so...suppose if you are a christian...then why do you following the christian religion...what the evidence proof it shows in christian religion...that its a true religion...there is only one religion true...read all religions...and see which is the true religion...which religion shows...the evidence...the clear...proof...  and if you are atheist...you do not believe in god...who created you ?who made you from nothing ?why are you created ?so you are born and then you die and become forgetton...do you like to live in such state ?every human has to believe in some power to return to regarding the method of his/her life and to look up to in case of fear and upon death...  disha patani dont go through...life...without searching the true path...with evidence...with clear...proof...means...... every word of religion what is written...must be proof...with evidence...with clear proof...every single word...goodbye disha patani  take care besafe have a nice time Cute cat Ooooove Nice cat So cute Osm So cute Awwe So beautiful cat ğŸ˜ğŸ’“ğŸ’“ ğŸ˜ğŸ˜ğŸ˜ğŸ˜ So cute What a cutie! ğŸ˜ Cute awww ğŸ˜»ğŸ˜»ğŸ˜»ğŸ˜»ğŸ˜» Kitto....ğŸ˜»ğŸ˜» Kitty Ğ´Ñ¡â„®à¸˜à¹‘â„³â„® (Â¯`vÂ´Â¯) Kaisi  ho meri jungle billi Aww! So cute Aww! Cutie pie ğŸ˜˜ğŸ˜˜ Awww... So cute ğŸ˜ Cute So cute ØªÙˆ Ø¹Ø´Ù‚ Ù…Ù†ÛŒ ØªØ§ÛŒÚ¯Ø± Ø¬Ø§Ù† I don't like cats I like tiger Cute Are U cat lover disha  in one interview u said u hate cats ğŸ™„ğŸ™„ ğŸ˜ğŸ˜ ğŸ˜ğŸ˜ğŸ˜ğŸ˜ Love pet bird animal lovely ğŸ’– ğŸ’ ğŸ˜ 
21 ,  follow  Lazy This is your dog I have also a dog. His name is Sheri So cute Nice Rohite nice sooooooo cuteğŸ˜—ğŸ˜— So cute ğŸ˜ŠğŸ˜Š Awesome pic! Nice I want this type of cute dog Nice dog Nice...... Pww woww what acute dog ummma Cute None of animal becomes cute by its but it's owner makes it cute , beautiful , awesome and responsible  how many do u have it!! and whats its name Cute Nice dog Q chulo Give love take love So cute...i love dogsğŸ˜˜ğŸ˜˜ğŸ˜˜ Nice dog Kooch kooch pooch poocj Ğ´Ñ¡â„®à¸˜à¹‘â„³â„® (Â¯`vÂ´Â¯) Same pinch......I love dogs 9 Q&amp;A s_$ LMK 9 Q&amp;A s_$ LMK   Sooooooo cuteeeee scoobydo scubidu nice I love dog Ø­Ø±Ù Ø§Ù„Ù‚Ø§ÙÙŠØ© Ù…Ø¹ Ø§Ù„Ø³Ù„Ø§Ù… Ø§Ø¨Ùˆ Ù…Ø­Ùƒ ÙˆØ´ So beautiful. Amazing yaarrr Cute He get confused after seeing the most beautigul person in front of him lovely Follow  Nose ğŸ‘ƒ is blackkkk His NoseğŸ‘»ğŸ‘»ğŸ‘»ğŸ‘»ğŸ‘» I love uâ™¥ï¸â™¥ï¸â™¥ï¸â™¥ï¸â™¥ï¸â™¥ï¸ ğŸ˜”lazy dog Awww shoo cute ğŸ˜ Its fabulous ğŸ˜ƒ So cute! what is his name? Cute dogğŸ˜— Disha.. looking too different Cutie ğŸ¤— Cute Love pet bird animal lovelyğŸ’–ğŸ’ğŸ˜ Your pet  dog 
22 ,  ğŸ‘ŒğŸ» Cute Linda!ğŸŒ·ğŸ‘ Classic Hi Hi Need gf Cute princess Lovely Love u beby Hmm V S ğŸ˜ğŸ˜ Nice pic nice lips So sexy I love u.......dishu nice Nice pic i think thats the words u heard in past by ur father to one u are from  you are amazing your eyes are excellent Pretty ğŸ˜ğŸ˜ğŸ˜ğŸ˜ğŸ˜ğŸ˜ğŸ˜ğŸ’•ğŸ’•ğŸ’• Cute Hot  Lol mad,ğŸ˜‚ğŸ˜‚ You ğŸ˜ğŸ˜  Wow ğŸ˜˜ğŸ˜˜ğŸ˜˜ğŸ˜˜ Patani is patan Lovely Myneamcarm Are va maja agya Limits breaker dishağŸ˜‚ğŸ˜‚ğŸ˜‚ My favourite heroine Nice Awesome  hottie..... Beautiful Nice Hi crush â™¡ ğŸ˜™à¤®à¤²à¥à¤²à¥à¤²à¤¿à¤•à¤¾à¤¯à¥‡ à¤¹à¥à¤¸à¥à¤¨ Looking awesome beautiful Super Wolsle!also Nice pic Sexy hot  just look Cute killing pic I gave u one free advice never maary with tiger shroff because you both same behavior...means shy people &amp;..etc...you know the law of attraction Mais oui tâ€™y es belle ğŸ˜… Follow me Acche lag rhe ho Very ğŸ”¥ ğŸ˜‹ğŸ˜‹ğŸ˜‹ğŸ˜‹ u look amazing Hi Beautiful 1.Cute 2. Jyaada Cute 3. Disha Patani 
23 ,  â¤â¤â¤ Lovely movie when first time I saw the stunts of tiger sir it was the first when I fell in love with him then I decided to meet tiger sir and want to express my love for him ,then I decided to make a fanpage "tigerholic".Many fanpages of tiger sir told me that it took at least 1 year and lots of followers to get a like from sir .I become demotivated and hopeless but I  believe in tiger sir and with in a month ..I got continous 11 like on my posts from tiger sir that was the time I was on the seventh heaven unforgettable ..tiger sir does not judge his followers by their no.of followers he loves his each and every fan equally.i am confused how to thank him for those 11 likes and noticing my posts. I become addicted to tiger sir I couldn't live without him. I get alot of likes from kishu di ,ayesha maa ,warda ma'am and ana ma'am. He is my inspiration my everything after seeing him I started dance â¤ğŸ™When I see him dancing ...My legs starts dancing automatically.i forgot my all problems  even I can dance for hours on his songs in fever of 104 degree when I came to know that I can get the chance to meet him ...If I will put a story of tiger u will not believe...Tears was coming from eyes while writing this story I am breaking in emotion have lots to say .But in brief I want to say tiger sir is love of life legends can't be described in the words . Hope to see I now you will get so many notifactiob from me that you will eventually reply Or tell your manager to reply Cause I want someone like you for my expensive and creative jewels...plz help me somehow ğŸ˜ğŸ˜ğŸ˜ I love you so much Mst ....  Oh acha dono bf gf ek hi film m h tiger n disha When I was in school from 5th standard to 9th standard I was an average scoring student. But when I went in 10th at that time my parents had no expectations from me. That time I heard a song of BAAGHI movie GET READY TO FIGHT and i got very inspired. I studied hard and scored 86. I feel like a rebel at that time. ğŸ˜ğŸ˜ ğŸ˜šğŸ˜ Super Flop Who is the Heroine Aditya Roy kapoor I love you Ya Kya ha don't post such silly vidios  You are very lucky your parents encourage you when you got 86 marks n when I got 98 marks they scold at me telling me why did I miss these 2 marks...They discouraged me 
24 ,  So cute Wow! Plz like and share and comment on my page for some support â¤ï¸ guys Dm/follow me for skteching Aww ğŸ˜˜ğŸ˜˜ğŸ˜˜ğŸ˜˜ğŸ’– like ğŸ˜™ ğŸ˜‡ğŸ˜€ ğŸ’—ğŸ’—ğŸ’— Are those yours?? Lovely like Awww Lovely ğŸŒ¹PLEASE CHECK MY PAGE ONCEâ¤ğŸŒ¹ AND FOLLOWâ˜ºğŸ’‹ğŸ’‹ğŸ’‹ Hi My name is malaika Iâ€™m a makeup artist Please see my new page Thanks for attention â¤ï¸â¤ï¸â¤ï¸â¤ï¸â¤ï¸â¤ï¸â¤ï¸â¤ï¸â¤ï¸â¤ï¸â¤ï¸â¤ï¸â¤ï¸â¤ï¸â¤ï¸â¤ï¸â¤ï¸â¤ï¸â¤ï¸â¤ï¸â¤ï¸â¤ï¸â¤ï¸â¤ï¸â¤ï¸â¤ï¸â¤ï¸â¤ï¸â¤ï¸â¤ï¸â¤ï¸â¤ï¸â¤ï¸â¤ï¸â¤ï¸â¤ï¸â¤ï¸â¤ï¸â¤ï¸â¤ï¸â¤ï¸â¤ï¸â¤ï¸â¤ï¸â¤ï¸â¤ï¸â¤ï¸ Superb Love ğŸ˜˜ğŸ˜˜ğŸ˜˜ â£ï¸â£ï¸â£ï¸â£ï¸â£ï¸â£ï¸ I love animals â¤ï¸â¤ï¸ğŸ’— Cute Wanna laugh at the best memes on the internet? Head over to my account ğŸ˜‚ğŸ˜‚ğŸ”¥ğŸ’¯. Cuttii Your animals are so cute ğŸ‘ğŸ»ğŸ‘ğŸ»ğŸ‘ŒğŸ»ğŸ‘ŒğŸ»ğŸ‘ŒğŸ» Nice Tiger Participate govt. job free online exam- Sooooo cute ğŸ˜˜ğŸ˜˜ğŸ˜˜ Love u disha patani â¤â¤ğŸ‘£ Wow ğŸ˜ Qut Qut Cute pic ğŸ‘ŒğŸ‘Œ Follow me â¤â¤â¤â¤â¤ Adorable n Mst Togetherness Sooo cute ğŸ˜˜ğŸ˜˜ Awww â¤ï¸â¤ï¸â¤ï¸â¤ï¸â¤ï¸â¤ï¸ğŸ”¥  julla aur kakkağŸ˜‚ğŸ˜‚ğŸ˜‚ Super jodi Awww Woow    haha sach mein!  â™¥ broo â™¥â™¥â™¥ 
25 ,  ğŸ˜ŠğŸ˜Š   ğŸ˜ğŸ˜˜ğŸ˜ğŸ˜˜ğŸ˜ğŸ˜˜ğŸ˜ğŸ˜˜ğŸ˜ğŸ˜˜ğŸ˜ğŸ˜˜ğŸ˜ğŸ˜˜ğŸ˜ğŸ˜ğŸ˜ğŸ˜˜ğŸ˜˜ğŸ˜˜ğŸ˜˜  ğŸ˜˜ğŸ˜˜ğŸ˜˜ğŸ˜˜ğŸ˜œğŸ˜œğŸ˜œğŸ˜œğŸ˜œğŸ˜ğŸ˜ğŸ˜ğŸ˜ğŸ˜ğŸ‘ŒğŸ‘ŒğŸ‘ŒğŸ‘ŒğŸ‘Œ Chloe bs bs ....bye ab ....ğŸ˜‚ğŸ˜‚ğŸ˜‚ N nice to meet u Like it image wow u Supbbbb  ğŸ”¥ğŸ”¥ğŸ”¥ğŸ”¥ğŸ”¥ What happened   yaar bor ho rhi thi... Hmm same  Let's chat directly without comments How  may I message u No Then how many  comments we are going to make  100 ğŸ˜‚ğŸ˜‚ğŸ˜‚ğŸ˜‚ğŸ˜…ğŸ˜…ğŸ˜…ğŸ˜…  100 
26 ,  Great dress ğŸ’—ğŸ’—ğŸ’—ğŸ’—ğŸ’— Hello dishu....plzz check my recent postsâ¤ï¸â¤ï¸ğŸ¤—ğŸ¤—ğŸ¤— I love u infinite â¤ï¸â¤ï¸â¤ï¸â¤ï¸â¤ï¸â¤ï¸â¤ï¸ ğŸ˜‡ğŸ’ğŸ’• ğŸ’–ğŸ’•ğŸ’–ğŸ’• ğŸ˜â¤ğŸ† Gorgeous Lady ğŸ˜ğŸ˜˜ Awesome one Hy Beautiful Princesss dear dishu Super Super You too rabbit Happy Valentine's day Disha .... Like always Breath taking â¤ï¸ğŸ˜ Beautiful ğŸ˜»â¤ Queen â¤â¤â¤â¤â¤â¤ U looking so fab &amp; happy Valentine day disha. Plz reply me disha Happy valentines day dishuuu i love u WowğŸ˜ğŸ˜ğŸ˜ğŸ˜ğŸ˜ğŸ˜ğŸ˜ğŸ˜ğŸ˜ğŸ˜ğŸ˜ğŸ˜ğŸ˜ğŸ˜ğŸ˜ğŸ˜ğŸ˜ğŸ˜ğŸ˜ğŸ˜ğŸ˜ ğŸ˜ Fab ğŸ‘ŒğŸ‘ŒğŸ‘Œ Ufff  love u mamğŸ˜˜ğŸ™ˆğŸ™ˆ No words So lovely gown soooooooooooooooooo swwwwwwwwwwwweeeeettttttttt ğŸ˜»ğŸ˜˜ğŸ˜ğŸ˜˜ğŸ˜ğŸ˜˜ğŸ˜ Gorgeous Luving it ğŸ˜˜ QueenğŸ’ Sexyy Extraordinary FabğŸ’ ğŸ˜ğŸ˜˜ Hotness overloaded ğŸ˜ğŸ˜ğŸ˜µğŸ˜˜ ğŸ˜˜ğŸ˜˜ Hihu ğŸ˜ğŸ˜â¤ Gorgeous Glamour is a shooting star, it catches your eye, but fades away, beauty is the sun always brilliant day after day Nice ğŸ˜ğŸ˜ğŸ˜ How thin u r disha I HATE YOU I just woke me 5th the enemy to this is Rafael Nadal and I forgot to clock back in from lunch AND dinner and he said that he created her and that mom is gassed is continuehe said that he created her and that mom is âœŠğŸ’“ğŸ’“ğŸ’“ I HATE YOU I just woke me 5th the enemy to this is Rafael Nadal and I forgot to clock back in from lunch AND dinner and he said that he created her and that mom is gassed is continuehe said that he created her and that mom is Gorgeous excellent girl in excellent dress â¤ï¸â¤ï¸â¤ï¸â¤ï¸â¤ï¸â¤ï¸â¤ï¸â¤ï¸â¤ï¸â¤ï¸â¤ï¸â¤ï¸â¤ï¸â¤ï¸ğŸ’•ğŸ’•ğŸ’•ğŸ’•ğŸ’•ğŸ’• ğŸ˜˜ğŸ˜â¤ ğŸ‘ŒğŸ‘Œ ğŸ˜â¤â¤â¤â¤ Barbie ğŸ˜ğŸ˜ğŸ’‹ğŸ˜˜ â¤ï¸â¤ï¸ğŸ‘ŒğŸ‘Œ 
27 ,  ğŸ’ğŸ’ Beautiful ğŸ˜ğŸ˜ğŸ˜ Hey beautiful! !ğŸ’œ Nice Fuck uhhh DishağŸ˜»ğŸ˜»ğŸ˜» Sometimes too fast and sometimes too slow I like it great shoot  Fuck you Amazing Daygwhvs ğŸ˜ğŸ˜ğŸ˜ğŸ˜ Awesome Wow !!! Wow !!! ğŸ˜ğŸ˜ğŸ˜ğŸ˜ Faltu Pretty ğŸ˜ğŸ’‹ğŸ’‹ nyc U looking awsm No words O M G  u r the cutest actress in the bollywoodğŸ‘ğŸ‘   u r cuteğŸ‘ŒğŸ‘Œ Like a flower ğŸŒ¹ hiiiiii ğŸ”¥ The smile....ğŸ˜ğŸ˜ğŸ˜ Yeah I can die for it every time ğŸ˜ğŸ˜ Wow niceğŸ˜Š Very beautiful Beautiful nice Mast Eww nice ğŸ˜ğŸ˜˜ Like you â¤â¤â¤â¤â¤â¤â¤â¤â¤â¤â¤â¤â¤â¤â¤â¤â¤â¤â¤â¤ â™¥â™¥â™¥â™¥â™¥â™¥â™¥â™¥â™¥â™¥â™¥â™¥â™¥â™¥â™¥â™¥â™¥â™¥â™¥ ğŸŒ¸ğŸŒ¸ğŸŒ¸ğŸŒ¸ğŸŒ¸ğŸŒ¸ğŸŒ¸ğŸŒ¸ğŸŒ¸ğŸŒ¸ğŸŒ¸ğŸŒ¸ğŸŒ¸ğŸŒ¸ğŸŒ¸ğŸŒ¸ğŸŒ¸ğŸŒ¸ğŸŒ¸ğŸŒ¸ ğŸ˜ğŸ˜ğŸ˜ğŸ˜ğŸ˜ğŸ˜ğŸ˜ğŸŒ¸ğŸŒ¸ğŸŒ¸ğŸŒ¸â¤â¤â¤â¤ğŸ˜™ğŸ˜™ğŸ˜™ğŸ˜™â™¥â™¥â™¥â™¥â™¥â™¥â¤â¤â¤â¤â¤ğŸŒ¸ğŸŒ¸ğŸŒ¸ğŸ˜ğŸ˜ğŸ˜ğŸŒ¸ğŸŒ¸ğŸŒ¸â¤â¤â¤â™¥â™¥â™¥ğŸ˜ğŸ˜ğŸ˜ğŸ˜ğŸ˜ğŸŒ¸ğŸŒ¸ğŸŒ¸ğŸŒ¸ğŸ˜ğŸ˜ğŸ˜â™¥â™¥â™¥â¤â¤â¤â¤ Pls Reply â¤â¤â¤â¤â¤â¤â¤â¤â¤â¤â¤â¤â¤â¤â¤â¤â¤â¤â¤â¤â¤ HotzzzzğŸ˜ğŸ˜ğŸ˜ğŸ˜ ğŸ˜„ğŸ˜„ğŸ˜„ So beautiful pic  ğŸ˜‚ ğŸ˜ƒğŸ˜ƒğŸ˜‚ğŸ˜‚ Nice and beautiful Saidia sana watu masikini na wasiojiweza na mwenyezi Mungu atakubariki I love your smile...ğŸ˜˜ğŸ˜˜ You are great Super Beautiful and So Sweet Dear Angel Hmm Hiieoi Gorgeous Pretty as the wife of Roman senator Lia Nice pic â¤â¤ Lovely â¤â¤â¤â¤â¤â¤â¤â¤â¤â¤â¤â¤â¤â¤â¤â¤â¤â¤â¤â¤â¤â¤â¤â¤â¤ Jal pari hot 
28 ,  ğŸ’–ğŸ’—ğŸ’ğŸ’• Ø³Ù„Ø§Ù… Ù…Ø­Ù…ÙˆØ¯ You are princes dishu ğŸ˜˜ğŸ˜˜ğŸ˜˜ğŸ˜˜ğŸ˜˜ğŸ˜˜ğŸ˜˜ğŸ˜† You so beautiful Ooh  q  wow. Ask ur sister fr tht .  did I tell it you??? Stay in your limit, don't try to cross that henceforth.  awwww bura laga. By commenting such things u crossed ur limits.  you are bad  à´¨àµ€ à´†à´°àµà´µ  à´•àµŠà´£à´šàµà´šà´¾àµ½ à´¤à´²àµà´²à´¿ à´•àµŠà´¨àµà´¨àµà´•à´³à´¯àµà´‚ à´ªà´±à´àµà´àµ‡à´•àµà´•à´¾à´‚  I do not understand what are you trying to prove, I am requesting you please stop polluting others Instagram profile  delete your comments  block    i didn't use any abusing words. I just said it's a bad pic. It's an opinion.  then why don't you come out of your fake profile  who the hell r u to question me..  at least I am not hidding behind any fake accounts  hahaha... U r the foolish one I ever see.  do u hurt little boy.. ğŸ˜‚ğŸ˜‚ğŸ˜‚ğŸ˜‚.  i m the one with a fake id.. what can u doğŸ˜‚ğŸ˜‚...   amr bou. ğŸ˜  XD. ğŸ˜‚ğŸ˜‚ğŸ˜‚  hashbi na. So beautiful Good morning Jab main kabaab khata hoon na ... toh joh khushi mehsoos hoti hai, mujhe woh wali feeling aa rahi hai ... You know jaise dill ka peet bhar gya ho...ğŸ˜ğŸ˜ğŸ˜ğŸ˜˜ğŸ˜˜ğŸ˜˜ Hii Nice pic Glorious Nice purra uttar da ho...tnni se ka dikhawat hau Are u somehow related to amrita rao? Soo cute cheeks and nose ğŸ˜ğŸ˜›ğŸ˜œğŸ˜˜ğŸ˜˜â¤â¤ğŸ’™ğŸ’™ Sexy n hots hots Pretty mamğŸ˜ Helo ğŸ˜ğŸ˜˜ Wana kiss uhh babe Nice pis Ohhh fab Pretty ğŸ’šğŸ’›ğŸ’œ ğŸ˜ğŸ˜ğŸ˜˜ğŸ˜˜â¤â¤ Nice Upr se thuda sa nise katri to bni bnai barsoki mehant dikh jata Sindrella Cindrella Offfs..... Gorgeous You're such a beauty â™¡â™¡â™¡ Hiiii ğŸ’• Whiteross Nice Beautifull  Very good Nice 
29 ,  Beutifulll So quit Nice. ... queen of the world... Gorgeous ## ğŸ‘ŒğŸ‘Œ Buhut dhuniya Nice dressss ğŸ˜ŠğŸ’•ğŸ’• ğŸ˜ğŸ˜ğŸ˜ğŸ˜˜ğŸ˜˜ğŸ˜˜ She is good.... She is best.. She is beautiful.... She is gorgeous.... She is magnificent actually words are yet to be invented to define her beauty ğŸ˜„ğŸ˜„ğŸ˜ğŸ˜˜ğŸ˜˜ Hotttttt ğŸ˜˜ğŸ˜˜ğŸ˜˜ğŸ’ğŸ’ğŸ’ Kdk ğŸ‘‰ğŸ‘‰ğŸ‘‰ğŸ‘‰ğŸ‘‰ğŸ’–ğŸ’–ğŸ’–ğŸ’–ğŸ’–ğŸ‘ˆğŸ‘ˆğŸ‘ˆğŸ‘ˆğŸ‘ˆ Bahut khoobsurat lag rahi hy Adorable foreverğŸ˜‡ğŸ’–ğŸ’ ğŸ’—ğŸ’•ğŸ’—ğŸ’• ğŸ˜â¤ Angel Nice ğŸ‘ŒğŸ‘ŒğŸ‘Œ Awesome ğŸ‘ğŸ‘ Super Cutest Thatâ€™s what I do by Beautiful Blazers Nice pic ğŸ’•ğŸ’•ğŸ’• ğŸ’œğŸ’œğŸ’œ Nice looks Very  nice Very  nice ğŸ’œ Nice Nice I love you ğŸ‘ğŸ‘ğŸ‘ Nice..  body So cute AngelğŸ’ Nice Very very hot ğŸ˜ğŸ˜ğŸ˜ ğŸ˜ğŸ˜˜ ğŸ’œğŸ’œğŸ˜˜  xD NiCe  When I asked for a mood changer..I didn't mean this ğŸ˜‚ ğŸ˜˜ğŸ˜˜ Looking----_------------____ You ugly as a dance Glorious You ugly as a dance ğŸ‘Œ Pretty    BeautifulllğŸ’‹â˜„â˜„ ğŸ‘ŒğŸ‘Œ Hot âœ´ 
30 ,  Nycccc Koi mjhse pyar nhi krta ğŸ˜ mjhme KY Kami h koi btao help me frndz help me ğŸ˜ koi to btao mjhme Kami kya h ğŸ˜ All they need is food*  9454857931 call me dear I will want love u Nyc Also some food water and a member to clean the pottyğŸ‘´ Believe me my luv I also an animal lover   sorrryyy Love with animals One kick is enoughğŸ˜ŒğŸ˜Œ ğŸ´ğŸ˜˜ğŸ˜˜ğŸ˜˜ğŸ˜˜ğŸ˜ ğŸ˜ğŸ˜˜ğŸ˜˜ğŸ˜˜ğŸ˜ğŸ˜ Horse loverr ğŸğŸ˜ğŸ˜ ğŸ˜± Superb, love you sooooooooooooooooooooo much dishu ğŸ˜ğŸ˜ğŸ˜ğŸ˜ğŸ˜ğŸ˜ğŸ˜ğŸ˜ğŸ˜ğŸ˜ğŸ˜ğŸ˜ğŸ˜ğŸ˜ğŸ˜ğŸ˜ğŸ˜ğŸ˜ğŸ˜ğŸ˜ğŸ˜ğŸ˜ğŸ˜ğŸ˜ğŸ˜ğŸ˜ğŸ˜ğŸ˜ğŸ˜ğŸ˜ğŸ˜ğŸ˜ğŸ˜ğŸ˜ğŸ˜ğŸ˜ğŸ˜ğŸ˜ğŸ˜ğŸ˜ğŸ˜ğŸ˜ğŸ˜ğŸ˜ğŸ˜ğŸ˜ğŸ˜ğŸ˜ğŸ˜ğŸ˜ğŸ˜ğŸ˜ Nice Eu I am DVM. I can feel. Nyc ğŸ˜˜ğŸ˜˜ğŸ˜˜ğŸ˜˜ğŸ˜˜ğŸ˜˜ğŸ˜˜ğŸ˜˜â˜ºï¸â˜ºï¸ Good Follo me Foloo Hate you Nice Yahi goda chodaiga Wht wonder! Awesome Follow me all friend for full support Nice photo Superb Yes go and suck horse cock,  they need love Super photos Supererb photos mam.. All they need is freedom  Nice   yoo for disha ğŸ˜ğŸ˜˜ What do you mean ..they need ur love ğŸ˜‚ğŸ˜‚ğŸ˜‚ğŸ˜‚ Nice ğŸ‘ Nice pic ghoda katega Love for animals dishağŸ˜˜ğŸ˜˜ No words but wrtiting because has to write Me to â¤â¤â¤â¤â¤â¤â¤â¤â¤â¤â¤â¤â¤â¤â¤â¤â¤â¤â¤â¤â¤â¤â¤â¤â¤â¤â¤â¤â¤â¤â¤â¤â¤â¤â¤â¤â¤â¤â¤â¤â¤â¤â¤â¤â¤â¤â¤â¤â¤â¤â¤â¤â¤â¤â¤â¤â¤â¤â¤â¤â¤â¤â¤â¤â¤u soooooo much â¤â¤ True,beautiful. Superb Leeeee kuddddduuurrrriiiii  HD SA gÃ± DG ka heavenwards FAA SG jgja da djja And aa DG gffesaaa mam love u mam ...... :)  Horse love is realanimals love Osm Share that love with me also plesssssss ğŸ˜˜ğŸ˜˜ğŸ˜˜ğŸ˜˜ ğŸ‘ŒğŸ‘Œ Nice horse 
31 ,  Beautiful What a nice video ğŸ’• ğŸ’–ğŸ’–ğŸ’–ğŸ’–ğŸ’–ğŸ’–ğŸ’–ğŸ’–ğŸ’–â¤â¤â¤â¤â¤â¤â¤ğŸ’‹ğŸ’‹ğŸ’‹ğŸ’‹ğŸ’‹â¤ğŸ’‹â¤ğŸ’‹ğŸ’‹   I really really like the music... Which is this back ground music pls tell me nice to hear  ğŸ˜ğŸ˜ğŸ˜— Loove you Dear!!!! Yaar me to deewana ho gaya hu disha jaan ka. MADHURI hair style Nice ğŸ˜˜ğŸ˜˜ğŸ˜˜ğŸ˜˜ğŸ˜˜ ğŸ˜ğŸ˜ğŸ˜˜ğŸ˜˜ Wow  please follow my page  please follow  please   I love you please follow  I miss you please follow 
32 ,  I know but your wish you can do whatever ads you wanna do in your free time I dont mind With out make up your butty are so pretty. ..ğŸ˜™ğŸ˜šğŸ˜™ ğŸ˜ğŸ˜ğŸ˜ğŸ˜ğŸ˜ğŸ˜ğŸ˜âœŒï¸âœŒï¸âœŒï¸âœŒï¸âœŒï¸ Fabulous ğŸ’œğŸ’œğŸ’œğŸ˜˜ ğŸ˜µğŸ˜œğŸ˜µ Cute Without cream looking like cream ğŸ˜˜ğŸ˜˜ğŸ˜˜ Really u are the real beauty Hi guys can i have que im new here is this disha patanis page its reall?does she can read our posts? Please answer me ğŸ™„ Umm Big fan of yours Beauty Hi ğŸ˜â¤ğŸ˜˜ Iâ¤u Lovely 
33 ,  Super Beautiful  is this the same dress wtf? Ur beautiful smile makes my day Beautiful  maan ya na maan  Â¥â‚¬$ Lovely Wooowww Wooowww ğŸ˜˜ğŸ˜˜ğŸ˜˜ ğŸ˜˜ğŸ˜˜ğŸ˜˜ Fab ğŸ˜ğŸ˜˜â¤ Upr se thuda sa or dikh jata to sari Mehnt bhik jati ğŸ˜ğŸ˜ğŸ˜ğŸ˜ Lovely Rasmalayi so beautiful smile Wooob Kya booms hi 
34 ,  Sorry not feet its fit Nice dear ğŸ’ªğŸ’ªğŸ’ª ğŸ˜ğŸ˜ğŸ˜˜ğŸ˜˜ğŸ˜˜ğŸ˜˜ğŸ™ğŸ™ğŸ™ Oh  what the hell are you commenting Hi Hello O kahyr kay bat h wow No wayyyğŸ˜ğŸ˜°ğŸ˜â¤ So sexy  ğŸ™…â€â™€ï¸ Hardwork brings good fortune So Hot I love you â¤ï¸ Beauty of Bollywood Nice Nice one....ğŸ˜ğŸ˜˜ Awesome effort Itni bhi acchi back ni hai... Awesom  tjhe bht pata he bhai tareef nii kr skta toh kch bol toh mat Nice Nice Kuch bhi pahan ke ......what the ......f...... Topper ehere is your bra Wow Perfect You can compete with brock lesner and brawun stroman in two on one handicap matchğŸ˜†ğŸ˜†ğŸ˜¤ğŸ˜¤ Waha kya baat h ÙˆØ§Ùˆ ÙƒØªÙÙƒ Ø¬Ù…ÙŠÙ„ Nice bones ğŸ’¨ dash  ha disha ji Nice Sexy posh Nic Best workout ğŸ˜˜ğŸ˜˜ğŸ˜˜ And look like ğŸ‘¼ When will u merry Isi bra me fuck karwaogi kya Mujhse shaadi karlo Confom lagata ke pelenge aree kuch kha v lia karo kidding  delete your comments    Follow me.for paid fun ğŸ˜˜ğŸ˜˜ğŸ˜˜ğŸ˜˜ â¤â¤â¤ Etani mhnat ki eske bjae utardeti ğŸ˜‚ğŸ˜‚ğŸ˜‚ğŸ˜‚ Kya peet hai Wow x, ... Nothing is impossible.. ğŸ‘ğŸ‘  haan McgğŸ‘ğŸ‘ğŸ‘ğŸ‘ğŸ‘ğŸ‘ğŸ‘ ğŸ‘ğŸ‘ğŸ‘ğŸ‘ğŸ‘  girlâ˜† wow So hot So sweet 
35 ,  Don't troll her Looking lovely ğŸ˜˜ğŸ˜˜ğŸ˜˜ğŸ˜˜ğŸ˜˜ â¤â¤ Nice ğŸ˜±ğŸ˜±ğŸ˜ğŸ˜˜ğŸ˜˜ Goldengirl Kuldeep jangid looking hot She copied priyanka ğŸ˜ğŸ˜ğŸ˜ğŸ˜ğŸ˜ğŸ˜ğŸ˜ğŸ˜ğŸ˜ğŸ˜ğŸ˜ğŸ˜ğŸ˜ğŸ˜ğŸ˜ğŸ˜ğŸ˜ğŸ˜ğŸ˜ğŸ˜ğŸ˜ğŸ˜ğŸ˜ğŸ˜ğŸ˜ğŸ˜ğŸ˜ğŸ˜ Hii Osm hot look So love Hello Love Golden Beauty I don't find it interesting ğŸ’© Love you Wow you looking very beautiful Omg what a beautifull face 
36 ,  âœŒâœŒâœŒ Gorgeous ğŸ‘ğŸ‘ğŸ‘ğŸ‘ğŸ‘ eeeğŸ‘ğŸ‘  toh kya maa pe jau ğŸ˜‚ğŸ˜‚ğŸ˜‚ğŸ˜‚ğŸ˜‚  nahi aa rahi ..tere khandan kuch jaa raha hai kya ???  tune start kia...bich me ungli karke   haan apni maa pe jaoâ˜ºğŸ˜‚  q teri busy hai ğŸ˜‚ğŸ˜‚ğŸ˜‚ğŸ˜‚ Gold in golden ğŸ‘—ğŸ˜ğŸ˜ğŸ˜ğŸ˜ğŸ˜ğŸ˜ ğŸ‘Œ,ğŸƒğŸ˜†ğŸ˜†ğŸ˜ğŸ”¥ğŸ”¥ğŸ”¥ğŸ”¥ğŸ”¥ğŸ”¥ğŸ”¥ğŸ”¥ğŸ”¥ Nice Love u mam   abe tera baap bhrava bc ..  fukat chodu log bc...apna kaam karna...dimak kharab kar raha hai faltu me  abe jhuk k le bc ...manisha malhotra ka ..ğŸ˜‚ğŸ˜‚ğŸ˜‚ Vry good Awesome goldness   Wow Wow Nice â¤â¤â¤ Nice  thats the only thing stupid losers can do shake it asshole niceğŸ˜ Woooow Mast ek dum Golden Nic ğŸ’”ğŸ’”ğŸ’”ğŸ’”ğŸ’”ğŸ’”ğŸ’”ğŸ’”ğŸ’”ğŸ’ğŸ’ğŸ’ğŸ’ğŸ’ğŸ’ğŸ’ğŸ’ğŸ’ğŸ‘ğŸ‘ğŸ‘ğŸ‘ğŸ‘ğŸ‘ğŸ‘ğŸ‘­ğŸ‘­ğŸ‘­ğŸ‘­ğŸ‘­ ğŸ˜­ğŸ˜­ğŸ˜­ğŸ˜­ğŸ˜­ğŸ˜­Ø¨Ù„ÙŠØ².Ø¬Ø¨Ù†ÙŠ I like you love you Stunning dressğŸ’¥ğŸ’¥ğŸ’¥ğŸ’¥ğŸ’¥ğŸ’¥ ğŸ˜‡ğŸ”¥ğŸ† ğŸ˜ğŸ’–ğŸ’ Stunner ğŸ¤—ğŸ¤—ğŸ¤— Nice pic Very nice Wow looking too cute....dream girl His His Gold plate or no 30331 Hahaha Gorgeous ğŸ˜ğŸ˜ğŸ˜ğŸ˜˜ğŸ˜˜ğŸ˜˜ Waaahh girl Wow nice update soon dear friend I love you â¤ï¸ Gorgeous... Hi Slaying  outfir Back dress is more beautiful Ek number hai ğŸ˜˜ğŸ˜˜ Q gold plated  nhi hua to ... Tu kharid k dega kyaa  Dude u cant afford tht dress also . So its bttr tht u dnt cmnt on her pic jus fr ur fun  . Sexy 
37 ,  Ur my â™¥ï¸ The only difference is that Ik u but u don't know me ğŸ˜ğŸ˜£ğŸ˜˜ Love u Dear Killer eyesğŸ˜  So beautifull ğŸ’ğŸ’ğŸ’ğŸ’ğŸ’ğŸ’ğŸ’ Hot Pretty â¤â¤ Cute Thank you Super â¤â¤ U and your all pics very nice Ek dam osm So sweet... My love Nice à¤¦à¤¿à¤¶à¤¾ à¤¹à¤®à¥‡à¤‚ à¤ªà¤Ÿà¤¾à¤¨à¥€ à¤¹à¥ˆ... Haaye ye Nazar !  ğŸ˜â¤ ğŸ˜‡ğŸ’– So cute miss Wowww lookin so pretty mamm Lovely ğŸ¤—ğŸ¤—ğŸ¤—  kiya problem hai bhai usko kuch galat nahin bola hai bhai bas na pehente toh aur atccha lagta.... just ur thinking is fuucking cheap Danm cute!!! I'm gonna crazy Luv u Disha Super Very cool picture LookğŸ˜ğŸ˜ What you are looking at Wow so beuty Nice KillllerrrrrrrrğŸ˜‰ğŸ˜˜ Yes EyesğŸ˜ Nice NiceğŸ‘Œ Osm I love you beautiful â™¥â™¥â™¥â™¥â™¥â™¥â™¥â™¥â™¥â™¥â™¥â™¥â™¥â™¥â™¥â™¥â™¥â™¥â™¥â™¥â™¥â™¥â™¥â™¥â™¥â™¥â™¥â™¥â™¥ â¤â¤â¤â¤â¤â¤â¤â¤â¤â¤â¤â¤â¤â¤â¤â¤â¤â¤â¤â¤â¤â¤â¤â¤â¤â¤â¤â¤â¤â¤â¤â¤â¤ very hot gggggg ğŸ˜™ğŸ˜™ğŸ˜™ Hello dear friend how are you doing today Cute wow ğŸ˜ Hai ğŸ‘ŒğŸ‘ŒğŸ‘ŒğŸ‘ŒğŸ˜ğŸ˜ğŸ˜˜ ğŸ˜˜ğŸ˜˜ğŸ˜˜ Lagta hai bohot achchi lagi Wowwww!!!!!! Nice  in this pic too  nkou etya ğŸŒš Old movieMadhubala FabğŸ˜˜ğŸ˜˜ğŸ˜˜ Awesome pic Tu as un regard captivant machallah tu est juste wow wow wow ğŸ˜ğŸ˜ğŸ˜ğŸ˜ğŸ˜ğŸ˜ğŸ˜ğŸ˜ğŸ˜ğŸ˜ğŸ˜ğŸ˜ğŸ˜ğŸ˜ğŸ˜ğŸ˜ğŸ˜ğŸ˜ğŸ˜ğŸ˜ğŸ˜ğŸ˜ğŸ˜ğŸ˜ğŸ˜ğŸ˜ğŸ˜ğŸ˜ğŸ˜ğŸ˜ğŸ˜ğŸ˜ğŸ˜et cette photo et sublime ğŸ˜™ğŸ˜™ğŸ˜™ma prÃ©fÃ¨rer ğŸ˜ğŸ˜ğŸ˜ğŸ˜ğŸ˜˜ğŸ˜˜ğŸ˜˜ğŸ˜˜ğŸ˜˜ğŸ˜˜ğŸ˜˜ I love you ğŸ’ğŸ˜­ğŸ’• Looking fabo Biggest fan of u 
38 ,  Loveâ¤ğŸ˜ Hottyyyy â¤ï¸ So cute I can understand your each and every fellings Cause I m coming bollywood as well to make movies wanna cast you there in all my movies Next month 15 march If all is good Babe you wanna go jck with me Its a gems and jewellery fair In USA we go to dubai as well fir hunting gens Gems Yep we hunt in srilanka pakistan india Myanmar Usa Mozambique Madagascar swat Colombian All I am just making sure that I should not be irritating Sometimes I get because of my ideas I am sorry if I am hurting or disturbing you Maybe ğŸ‘ŒğŸ’ğŸ˜ğŸ‘ŒğŸ’—ğŸ’ğŸ’–ğŸ’ğŸ’ğŸ’ğŸ’•ğŸ’ğŸ’ŸğŸ’ğŸ’ğŸ’ğŸ˜ğŸ˜ğŸ˜˜ğŸ˜˜ğŸ˜˜ Lovely!.... beautiful Hii Hi Waooo Sexy Ya u r really a river. â¤â¤â¤â¤â¤â¤â¤â¤â¤â¤â¤â¤â¤â¤â¤â¤â¤â¤â¤ Beautyqueen Linda nena ğŸŒ·ğŸ˜˜ Beautiful Very deep like mariyana trunch Deep like mariyana trunch Where it is? Owaa Bad A very beautiful and gorgeous girl with a lovely cleavage Disha you are so cute Hot  ohhh rlyyğŸ˜± Marvellous pic  u r also very sexy   Very preeti ğŸ˜˜ğŸ˜˜ğŸ˜˜ Very pretty ğŸ’• Looking like a beautiful princess... ğŸ˜˜ğŸ˜˜ğŸ˜˜ğŸ˜˜ Yeaah cleavge...kills Bhojpuria me ego baat kahe tu to laalipop laage lu.... most beautiful Gorgeous she is !! Super lb Lovely Disha I m in love with you Gorgeous A.  One. Nice Hii Supperb Love u Baby So gorgeous u r ğŸ˜ŠOoo cute pieğŸ˜Š 
39 ,  Mass la   ama Fantastic   Gorgeous Lady ğŸ˜ğŸ˜˜ WowğŸ˜˜ğŸ˜˜ğŸ˜˜ Awesome...pic dishu Awsm  ab bta Disha or PriyağŸ˜‚ğŸ˜‚  bhai...priya sab moh mayaa hai!!...bas disha hi zindagii haiiğŸ˜ğŸ˜ ğŸ˜ğŸ˜ğŸ˜ğŸ˜ğŸ˜ğŸ˜ Hmmm Awesome nice look Patakaaaaa patolaaaa Pretty hi i love indea Nice You are tiger missing World best dressğŸ™ˆğŸ’‹ Hii Speechless!  you're the best!ğŸ˜ğŸ˜ Gorgeous sis Very nice ğŸ˜ğŸ˜ğŸ˜ğŸ˜˜â¤â¤â¤â¤ N Nice ğŸ˜˜ğŸ˜˜ Love this Ø­Ø¨Ø¨Ø¨ Ø­Ø¨Ø¨Ø¨ Please follow me Disha mam Beautiful Queen ğŸ‘¸ğŸ‘Œ Adorable Didi ğŸ’• Look of Queen So love you queen and dras Wwwwwooooooooowwwwww Mam you like a queen R u even real? ğŸ˜ Beautiful ğŸ˜ğŸ˜ğŸ˜ğŸ˜ğŸ˜˜ğŸ˜˜ğŸ˜˜   Priceless beautyğŸ˜˜ You are so so ugly bitch ğŸ˜ğŸ˜ğŸ˜ğŸ˜˜ğŸ˜˜ğŸ˜˜ Gorgeous I like it Gorgeous ğŸ˜ Super Cool  Bcccc Ø¹Ø§Ù„ÛŒ Looking awesome  looksâ˜† Looking like a princess â¤ wow maim WowğŸ˜»ğŸ˜» â¤  ğŸ™‹ğŸ˜˜ğŸ˜˜ğŸ˜˜ğŸ˜˜ğŸ˜˜ğŸ˜˜ 
40 ,  Superb yarr ğŸ˜ğŸ˜ğŸ˜ğŸ˜ Superb Lol where is the necklace going its not placed properly stylist uffffffff Very nice à¤ à¤–à¥à¤¦à¤¾ à¤°à¤–à¤¨à¤¾ à¤®à¥‡à¤°à¥‡ à¤¦à¥à¤·à¥à¤®à¤¨à¥‹ à¤•à¥‹ à¤­à¥€ à¤®à¥‡à¤¹à¤«à¥‚à¤œ ..! à¤µà¤°à¤¨à¤¾ à¤®à¥‡à¤°à¥€ à¤¤à¥‡à¤°à¥‡ à¤ªà¤¾à¤¸ à¤†à¤¨à¥‡ à¤•à¥€ à¤¦à¥à¤µà¤¾ à¤•à¥Œà¤¨ à¤•à¤°à¥‡à¤—à¤¾ ..!! Marvellous dress I duuno but i feel she doesn't know how to walk on ramoğŸ¤”ğŸ¤”  ..so u tell her Fab mam Fab Lovely Awsm Aws. Awsm Ketrinakaif look. Where is your real smile Biggest fan of you  please like my page  please 
